tweets_transform,result,polarity
gelaran formula e jakarta dibarengi konser festival panitia mengaku terinspirasi gelaran for,netral,0.0
pt jakarta propertindo menurunkan kapasitas penonton menonton langsung balapan mobil listrik,positif,0.1
idha asmara1701 pi,netral,0.0
tiket perhelatan formula e dijual balapan digelar 67 penjelasan panitia formula e,netral,0.0
psi menyoroti pemangkasan kapasitas kursi penonton ajang formula e jakarta terlampa,netral,0.0
pembangunan sirkuit formula e jakarta revisi fia perjalanan panjangnya,netral,0.0
organizing committee mengungkap koreksikoreksi fia lintasan formula e ancol panitia formula e jakar,netral,0.0
psi menyoroti pemangkasan kapasitas kursi penonton ajang formula e jakarta terlampau target ps,netral,0.0
tompelan nakula ya coba sebutin namanya kl,netral,0.0
koreksi fia sirkuit formula e ancol jakarta arenanews,netral,0.0
koreksi fia sirkuit formula e ancol jakarta,netral,0.0
koreksi fia sirkuit formula e ancol jakarta arenanews,netral,0.0
anggota dprd dki jakarta fraksi pdip gilbert simanjuntak menyebut target penonton 10 ribu ajang formul,netral,0.0
laku team amp pembalap formula e aja dikenal masyarakat daya tariknya dimanajangan2 penont,netral,0.0
anggota dprd dki jakarta gilbert simanjuntak menilai turunnya target penonton langsung formula e 500,positif,0.1
nyadarkah motogp mandalika n formula e jakarta agenda indonesia,netral,0.0
detiknews koreksi fia sirkuit formula e ancol jakartamelalui,netral,0.0
295m sebelah 2t trus revisi 560 form,netral,0.0
tompelan nakula warga jakarta tdk,netral,0.0
tompelan nakula tepatnya orang2 y,positif,0.25
gerindra wajar kapasitas penonton formula e jakarta 50000,positif,0.2
kapasitas penonton panitia sirkuit formula e jakarta mandalika,netral,0.0
lestari heran dgn kebijakan membangun sirkuit utk formula ekenapa sentul tdk dimaksimalk,positif,0.1
panitia bilang kapasitas penonton formula e final penjelasannya,netral,0.0
grand stand 30 ribu orang memasukkan penonton semudah it,positif,0.4666666666666667
cari celahcelah penonton selepin kursi pohonpohon penonton ditampung,netral,0.0
crab mata buta atw jakarta internasional stadion sdh,negatif,-0.25
ekretaris komisi d bidang pembangunan dprd dki jakarta fraksi gerindra syarif mengaku mempermasalahkan,netral,0.0
wagub dki jakarta kapasitas penonton balap formula e 50 ribu 10 ribu,netral,0.0
kapasitas penonton formula e jakarta ditentukan,netral,0.0
bongkar korupsi tubuh pemprov dki jakarta,netral,0.0
vp communication organizing commite jakarta eprix iman syafei perilisan harga tiket formula e pe,netral,0.0
pemggilan ketua dprd dki jakarta langkah a al membongkar formula e,netral,0.0
acara bertaraf internasional menyuguhkan aksi pembalap sirkuit hibura,positif,0.03333333333333333
kapasitas penonton formula e jakarta panitia menentukan,netral,0.0
1720 beritasonora diklaim selesai 879 persen progres sirkuit formula e ancol jakarta,netral,0.0
rencana pembangunan 54 molor lantaran desain sirkuit dinilai feo memenu,netral,0.0
tompelan nakula mudahnya kl bu,positif,0.43333333333333335
anggota fraksi gerindra dprd dki jakarta syarif mewajarkan pendapatan tiket gelaran formula e ti,netral,0.0
pembangunan sirkuit formula e ancol jakarta utara dikebut kumparannews,netral,0.0
id perjuangan goblok kaliam kritik formula e buang buang ang,netral,0.0
panitia formula e jakarta keputusan final penonton formula e ancol kumparannews,netral,0.0
perasaan jaman sirkuit ancol banter balap gokart formulae formulae,netral,0.0
wakil gubernur dki jakarta ahmad riza patria menanggapi kapasitas penonton formula e merosot 10 ribu,netral,0.0
pemprov dki jakarta memutuskan mengurangi kapasitas penonton formula e ditargetkan 50 ribu penont,netral,0.0
anies baswedan memiliki kebiasaan memotong target program unggulannya target penonton langsung,positif,0.06666666666666667
city circuit dgn street circuit utk formula e city circuit dgn aturan,netral,0.0
wagub dki jakarta ahmad riza patria mengungkap alasan kapasitas penonton formula e ditargetkan 50 ribu,netral,0.0
dadakan arti dibangun super kilat ngga respons baiksaya,negatif,-0.008333333333333331
nabiel hidup lo jakarta klu cuman seputaran dp 0 formula e lo,positif,0.06818181818181818
tompelan nakula kl fokus kerja jis jgn,netral,0.0
sirkuit formula e jakarta satusatunya mengalami perubahan sirkuit negara ban,netral,0.0
wakil ketua komisi e bidang kesra dprd dki jakarta anggara wicitra sastroamidjojo dibohongi lantaran target,negatif,-0.125
target penonton formula e wagub dki akui keterbatasan,netral,0.0
mantan menteri pemuda olahraga menpora ri roy suryo gubernur dki jakarta anies baswedan meny,netral,0.0
org ente banggakan lbh parah krn menghabiskan uang fee yg utk formula e yg ma,positif,0.8
dprd dki jakarta menilai ajang formula e dipersiapkan,netral,0.0
pertamanya gelaran formula e jakarta menutup modal penyelenggaraan modal k,positif,0.25
asmara1701 perbandingan nya apple to apple mandalika level n,netral,0.0
wakil gubernur dki jakarta ahmad riza patria mengakui pendapatan formula e berpotensi berkurang seiring menyus,netral,0.0
wagub dki kapasitas penonton formula e lokasi tv,netral,0.0
asmara1701 oasti indonesia mendunia rakyat bangga indonesia kelas mandakika,positif,0.8
kpk tegaskan mainmain usut dugaan korupsi formula e jakartakpk,netral,0.0
pembangunan formula e membebankan menyengsarakan warga jakarta anies ti,netral,0.0
wakil gubernur dki jakarta ahmad riza patria mengakui pendapatan formula e berpotensi berkurang seiring menyus,netral,0.0
siapsiap warga jakarta menyambut selesainya formula e yg selesai,netral,0.0
cakrawala semoga bermanfaat rakyat jakarta gimana formula e,positif,0.3
menganggap kpk berhatihati penyelidikan perkara dugaan korupsi formula e dki jakarta pakar h,negatif,-0.1
perjalanan pembangunan sirkuit formula e jakarta tempometro,netral,0.0
drun negara lw gelaran balapan pakai jalanan kota ya jalan yg pakai tinggal nambah,netral,0.0
jakarta minyak goreng woi gimaneeejangan formula e muluuuucoba lu lu pade dorong mendag spy jkrt bo,netral,0.0
seiring pembangunan sirkuit formula e berjalan bumd pt jakarta propertindo penyelenggara menyia,netral,0.0
molooorr perencanaan penyelenggaraan ajang balap formul,netral,0.0
nakula bikin formula e jakarta jakarta udah tenggelam dibangun wkwkwk,netral,0.0
dipikir formula e badan usaha milik dki jakarta ya,netral,0.0
cakrawala susahnya si bikin judul tuh fia sirkuit formula e jakarta direvisi ngapain pake sgala garagara,negatif,-0.5
tuduhan si badrun praktek pencucian uang gibrankaesang mandeg tangan kpk persisnya mandeg,positif,0.25
molooorr perencanaan penyelenggaraan ajang balap formula e jakarta amburadul pembangunan sirkuit sesuai,positif,0.5
ri jakarta kota yg deket dg ri seolah2 gak apa2 udh rusak formula e kabar ri,negatif,-0.4
samakan mandalika amp formula e mandalika pemerintah pusatnegara indo,netral,0.0
penonton formula e dipangkas habis 50 ribu orang 10 ribu orangtarget dipotongpotong bayar,netral,0.0
om g formula e panggil om gilbert tokoh agama doa luput hujan tp na,netral,0.0
adi asmara1701 yaudahuntungnya formula e jakarta,netral,0.0
semoga pembuktian stlh ajang formula e minat unt kendaraan berlistrik m,positif,0.25
nakula 90 angka dr coba liat udah bangunan blm disitu,netral,0.0
suratnya sakti tp kpk yg saktikuliti anies baswedan ketua dprd dki surat sakti muluskan pinjama,netral,0.0
harto sirkuit formula e jis tim mangkrak kereta cepat,positif,0.2
wagub dki jakarta pendapatan balap formula e untung,positif,0.4
gak nyangka sih buka channel yt nya om mobi video bahas sirkuit formula e jakarta udah ikuti,netral,0.0
prasetyo ketua dprd dki gilbert simanjuntak komisi b dprd dkimereka berdua,netral,0.0
motogp bengkak 12t 25t aspal ngelupas bengkak kpk aja udah dilemahin,netral,0.0
bedanya yg dirasakan mandalika dg fasilitas pon papua klo formula e nambah cantik nya,positif,0.85
jis formula e sih bagus2 aja sukses nama jakarta amp indonesia yg bangg,positif,0.725
gak nyangka lihat channel om mobi video bahas sirkuit formula e jakarta,netral,0.0
tujuan utama tujuannya potong pita klo jakarta bangun formula e,negatif,-0.21666666666666667
uang dikeluarkan formula e tujuan formula e bers,netral,0.0
lestari formula e mempromosikan kendaraan listrik yg bebas polusi ketergantungan terhad,positif,0.4
ooo cebong tolol psti mkn stres,negatif,-0.7999999999999999
asmara1701 idha,netral,0.0
50000 target sirkuit formula e jakarta 10000 penonton langsung,positif,0.1
diklaim selesai 879 persen progres sirkuit formula e ancol jakarta,netral,0.0
nakula gw bicara tehnik konstruksi ya droenzgw bicara green racing mending elo baca a,negatif,-0.2
coba merekamaket nya apako optimis selesai 87klu maket nya,netral,0.0
nakula alhamdulillah indonesia sirkuit kelas internasional sirkuit mandalika motogp d,netral,0.0
wakil gubernur dki jakarta ahmad riza patria pengurangan penonton seran,netral,0.0
publik kewajaran proyek formula e dr sisi biaya feasibilty governance k,netral,0.0
gelaran balap formula e jakarta resmi digelar jakarta 4 juni 2022 fia world motor,netral,0.0
bangga berungkap alhamdulillah berhasil jakarta salah tuan rumah balap mobil bergen,positif,0.775
semoga persiapan balapan formula e lancar sukses warga miskin jakarta rejeki tambahan,positif,0.175
jakarta kehilangan jati ditengah ketua dprd menggempur formula e pdip bangun citra,netral,0.0
nih gk pake apbdcari tau bacot,netral,0.0
nakula motogp formula e sukses bukti indonesia dki level internasional ya perjuangan,positif,0.375
perjuangan dibanding2in biaya motogp formula e ya id jakarta negara saingan propinsi,netral,0.0
nakula wuiih mantab formula e jakarta tonton masyarakat ketimbang mandalika meng,netral,0.0
formula e monas icon jakarta indonesia karna polit,netral,0.0
yg dihabisin yg tdk,netral,0.0
jakpro dpt penugasan panitia lokal formula e ngebut bangun sirkuitkalau lihat keliatan p,netral,0.0
formula e ga terbuka ttg rencana anggarannya commitmen fee ny,netral,0.0
konstruksi sirkuit formula e jakarta capai 879 persen,netral,0.0
maklum bang tahunya jakarta tdk daerah indonesiapadahal,netral,0.0
menyongsong formula e jakarta,positif,0.8
ag4ever sirkuit formula e jakarta salah sirkuit terbaik dunia sirkuit,positif,1.0
ag4ever warga dki jakarta kagak rugi besarnya pajak dihabis,netral,0.0
tau anggaran jakarta gede gitu masak mengutamakan stadion sirkuit f,netral,0.0
keseruan sebentar hadir jakarta formula e juni 2022,positif,0.2
klo dirasa kacau ya bantu biar ga kacauini event international jakarta dunia formula e,negatif,-0.3
modal brp tuh formula e penonton 10000 cuannya hamburin duit rakyat jakarta,netral,0.0
target penonton formula e jakarta turun 10 ribu formulaejakarta,netral,0.0
garansi 423miliar3jakarta bayar mahalnegara gratisselain menduga penyelewengan dananegara,positif,0.4
pinak terheran heranpasalnya pemprov dki menganggarkan 113triliun rupiah utk pelaksanaan formul,netral,0.0
gak sadar sirkuit formula e ibukota jakarta serang jokowi bae,negatif,-0.125
target penonton langsung formula e jakarta menyusut 50000 10000,positif,0.1
gubernurnya ganti gimana nasib formula e diperpanjang hancur tenggelam j,netral,0.0
komite pelaksana formula e jakarta iriawan akibat revisi federasi otomotif internasional fia t,negatif,-0.0625
itungan 80 diluar paddock tribunkok buru2 ngeluarin angka,netral,0.0
jgn kemakan dgn judulnya baca lengkapnya meminimalkan banjir banjir merendam s,positif,0.1
progres pembangunan sirkuit formula e jakarta 879 persen target rampung mundur,netral,0.0
motogp mandalika tuan rumah world sbk tgl 1113 november jakarta juni menjad,netral,0.0
moga ajang formula e jakarta sukses aman lancar biar bangga bangsa indonesia,positif,0.5166666666666667
yg ktitik seputar formula e sajananti formula e selesai ga kerjaannya yabubar sajalahjakarta butuh psi,netral,0.0
kapasitas kursi penonton formula e jakarta mencapai 10 ribu tempovideo,netral,0.0
partai yg maunya asc,netral,0.0
,negatif,
nga sih formula e jakarta ah,netral,0.0
situs resmi formula e memberitakan balapan jalan raya real city street sirkuit ba,positif,0.2
ente hoax cebi baca yg asc,netral,0.0
partai yg maunya asc,netral,0.0
linapr1lia ente hoax cebi baca yg asc,netral,0.0
pembangunan sirkuit formula e jakarta kawasan ancol digeber menjelang 70 pelaksanaan balapan mobil li,netral,0.0
infonya comitmment fee formula e jakarta 150 miliar pertahun negara,netral,0.0
target penonton langsungnya turun 50000 10000 perhelatan ramai kokini jak,positif,0.1
formula e jakartakita intip pakai drone anti sadapdan sebarkan youtube l,netral,0.0
10 irawan sucahyono angka bertambah sesuai perkembangan hasil peni,netral,0.0
9 kapasitas tribune rendah target direktur utama pt jakarta propert,netral,0.0
8 komite pelaksana formula e irawan sucahyono update kapasitas tribun sirkuit formula e dised,netral,0.0
7 pembangunan sirkuit ditargetkan selesai 27 maret 2022 revisi federasi otomotif inte,netral,0.0
6 managing director formula e jakarta pt jakarta propertindo jakpro gunung kartiko pembangunan sirk,netral,0.0
5 pembangunan sirkuit formula e berjalan 25 maret 2022 mencapai 879 persen gt,netral,0.0
4 pertentangan ketua dprd dki jakarta prasetyo edi marsudi pergelaran formula e m,netral,0.0
3 lokasi sirkuit padat tanah berlumpur dulunya dikenal lokasi,netral,0.0
2 pembangunan sirkuit formula e terlepas kontroversi meragukan pemban,netral,0.0
partai yg maunya asc,netral,0.0
1 lokasi sirkuit formula e terletak kawasan ancol resmi ditentukan tanggal 22 desember 202,netral,0.0
threadpotret pembangunan sirkuit formula e ancol jakarta gt formulae jakarta jernihkanharapan,netral,0.0
formula e diadakan dimandalika aja kasihan jakarta konsentrasi aja atasi kemacetan bikin sirkuit,negatif,-0.5
partai yg maunya asc,netral,0.0
konstruksi sirkuit formula e jakarta capai 879 persen,netral,0.0
ente hoax bong baca yg asc,netral,0.0
progres pembangunan sirkuit formula e diklaim mencapai 879 persen ketua fraksi pdip dprd dki jakarta gembong wars,netral,0.0
politisi gerindra syarif mendukung langkah kpk proses penyelidikan penyelenggaraan formula e jakarta namu,netral,0.0
peminjaman dana bank dki jakarta dituntaskan berlarut larut,netral,0.0
konstruksi sirkuit formula e jakarta capai 879 persen,netral,0.0
pembuatan lintasan balap mobil berenergi listrik formula e ancol pademangan jakarta utara dikebut,netral,0.0
asmara1701 akal2an izin jkwbahkan mewujudkan mimpi,netral,0.0
please be informed pengerjaan,netral,0.0
komite pelaksana formula e irawan sucahyono kapasitas tribun sirkuit formula e disediakan unt,netral,0.0
mepet progres pembangunan 87 sirkuit formula e jakarta,netral,0.0
ptpt proyekanak bumddki jakpro jaya konstruksi dllyang swasta nih,netral,0.0
kapasitas kursi penonton formula e jakarta mencapai 10 ribu tempometro,netral,0.0
semoga puasa lebaran alasan molor ya,positif,0.2
id jakarta,netral,0.0
indo formula e prix jakarta layoutnya bagus sih sirkuit formula e kayaknyaaa drpd f1,positif,0.7
gerindra koq kyknya dpt data2 ttg fe pdhl jakarta jakartasusah data tuh,netral,0.0
anggota dprd dki jakarta fraksi partai gerindra syarif berencana mengajak ketua psi giring ganesha kemb,netral,0.0
jakarta yg pimpin anis hambat istnamau ngadain formula e hambat ngga monas,positif,0.8
100 event formula e jakarta,netral,0.0
waras formula e jakarta,netral,0.0
naga2 nya delay negh sirkuit berujung formulae jakartaindonesia batalduh ngenes gegara gubernur pe,netral,0.0
kalah motogp yg dilaksanakan mandalika mandalika yg 60r,netral,0.0
kpk membuka peluang keterangan gubernur dki jakartaanies baswedandalam penyelidikan duga,netral,0.0
sponsor formula e jakarta jakpro aman tempometro,positif,0.5
pembangunan sirkuit formula e jakarta dikebut progres pembangunan sirkuit 879 baga,netral,0.0
schedule sirkuit kelar 1 mei gak molor balapan 4 juni jual tiket 1 bulanan kalo,netral,0.0
tribun penonton paddock sirkuit formula e jakarta ditentukan feo tempometro,netral,0.0
anggota fraksi partai gerindra dprd dki jakarta syarif mengaku mengajak ketua psi giring ganesha mengunju,netral,0.0
konstruksi sirkuit formula e jakarta capai 879 persen,netral,0.0
sirkuit mandalika homologasi sirkuit jakarta formula e hologrambiar ga yg kecewa,positif,0.375
100 event formula e jakarta,netral,0.0
ri laporan saksi formula e ketua dprd dki jakarta yg mempertanyaka,netral,0.0
pembangunan sirkuit formula e kawasan ancol jakarta utara pelaksanaannya pemb,netral,0.0
id meminimalkan banjir merendam sirkuit formula e pemprovdki,netral,0.0
pembangunan sirkuit formula e jakarta capai 879 formulae,netral,0.0
andri 100 event formula e jakarta,netral,0.0
balap mobil listrik formula e jakarta 2022 4 juni 2022,netral,0.0
kpk kabar formula e jakarta informasi selengkapnya kabarbarukasusformulae,positif,0.35
pembangunan sirkuit formula e jakarta capai 879 persen,netral,0.0
felis klo formula e ga komenbermanfaat ga tuh warga jakartamikir,netral,0.0
konstruksi proyek formula e jakarta fasilitas pendukungnya diprediksi rampung 1 mei 2022,positif,0.175
cegah banjir merendam sirkuit formula e pemprov dki jakarta bangun sumur resapan disebar titik d,netral,0.0
simak penuturan vice managing director formula e pt jakarta propertindo jakpro gunung kartiko,netral,0.0
formula e diatas awan balapan ghoib jakarta,netral,0.0
video terbaru nawacita tv kpk periksa dprd jakarta terkait formula e beritaterkini,positif,0.25
anggota fraksi gerindra dprd dki syarif meninjau pembangunan sirkuit formula e kawasan ancol jakarta utara jal,netral,0.0
pembangunan sirkuit formula e jakarta ditargetkan tuntas 1 mei,netral,0.0
ary jack,netral,0.0
ary jack,netral,0.0
asmara1701 pembangunan sirkuit formula e jakarta dipantau kpknggak sabar lihat hasilnyapasti menakjubkan ya guys,positif,0.6000000000000001
pembangunan lintasan formula e molor jakpro pastikan anggaran tambahan,netral,0.0
menengok progres pembangunan lintasan formula e 70 jelang laga dihelat,netral,0.0
pengaspalan sirkuit formula e kawasan ancol jakarta utara molor ditargetkan sirkuitformulae,netral,0.0
om,netral,0.0
komite pelaksana formula e jakarta iriawan akibat revisi target capaian pembangunan semul,negatif,-0.125
sabar tiket formula e jakarta dijual,netral,0.0
tiket formula e jakarta diterbitkan dijual publik,netral,0.0
digelar 4 junipembangunan sirkuit formula e jakarta rampung 879,netral,0.0
pengaspalan sirkuit formula e ancol jakarta utara mencapai 879 persen tempo berkesempatan menyus,netral,0.0
pembangunan lintasan formula e meleset target,netral,0.0
persiapan balapan formula e jakarta lancar sukses,positif,0.15
idha kemajuan era anis rumah dp o gagal ok oce gagal formula e 45 triliun uang rakyat jakarta sumur,negatif,-0.125
bongkar korupsi tubuh pemprov dki surat sakti dr anies pencairan anggaran formula e,netral,0.0
surat sakti yg dikeluarkan gubernur dki jakarta menyalahi aturan sistem pemerintahan diusut,netral,0.0
terungkap kesaktian surat anies baswedan pencairan anggaran formula e persetujuan dprd dki jakarta,netral,0.0
anies nandingi kemeriahan moto gp jakartaoooo mimpi kali ya,netral,0.0
salah alamat deh fia mestinya homologasi formula e jakarta koq mandalika en,negatif,-0.5
surat sakti ala gubernur dki melebihi kesaktian mbak rara bagaiman surat mencairkan anggaran ratus,positif,0.5
buka bursa taruhan formula e jakarta,netral,0.0
pemprov dki tegaskan pembayaran commitment fee formula e sesuai prosedur regulasi,netral,0.0
prasetyo ketua dprd dki gilbert simanjuntak komisi b dprd dkimereka berdua car,netral,0.0
keren bat ya jakarta tapal kuda jis formula e a,positif,0.35
pembangunan sirkuit formula e jakarta dipantau langsung panitia feonggak sabar lihat hasilnyapasti me,positif,0.1
intan sampe bertanya2 bangun sirkulasi formula e jakarta katan,netral,0.0
ketua dprd dki jakarta praktik ijon uang formula e penyelidikan diserahkan kpk,netral,0.0
kpk tegaskan mainmain usut dugaan korupsi formula e jakartakpk,netral,0.0
recehan kebanyakan sirkuit formula e selenggarakan jalanan kota promosi kein,positif,0.5
masyarakat dki jakarta tertawa dg partai inisirkuit formula e rampungmana ketua,positif,0.7
ancol dki jakarta rugi 392 m buka 600 m ms glow ribut formula e ri,netral,0.0
kpk tegaskan mainmain usut dugaan korupsi formula e jakarta,negatif,-0.1
sbg warga negara yg cinta indonesia bersyukur motogp bs lg d indonesia berharap kedepan,positif,0.25
id jakarta,netral,0.0
id jakarta,netral,0.0
pengen bikin utas pengalaman nonton formula e jakarta sirkuitnya jadisedih akutu,netral,0.0
maunya anies penontonnya pakai sepeda lipat pakai mobil sepeda motor kecepa,netral,0.0
ayo ri usut tuntas korupsi formula e bukti saksi korupsi melibatkan gubernur dki,netral,0.0
polri org hatinya puas2 acara formula e berjalan,positif,0.5
id jakarta,netral,0.0
dp 0 persen ga sesuai janji formula e ga suruh ngeruk kali ga,netral,0.0
id jakarta,netral,0.0
id jakarta,netral,0.0
sajak itukan perencanaan didalami jg transfe,netral,0.0
intan ya gpp cu selera orang mah beda motogp gak suka con,netral,0.0
recehan gitu jakarta indonesia jg ttp bangga formula e moto gp event bangga,positif,0.8
recehan banyakin googling,positif,0.5
recehan diceritain siihterlalu banyakharus bikin threadmau bikin lintas,netral,0.0
recehan dibaca,netral,0.0
resign stress jakarta formula e udah nampak kemewahanja,netral,0.0
tudingan prasetyo ketua dprd dki pinjaman rp 180 m bank dki utk formula epenjelasan anies p,netral,0.0
jkt tudingan prasetyo ketua,netral,0.0
manggis chantika asmara1701 idha,netral,0.0
intan kalo lihat kalender formula e 2022 jakarta yg lokasi resmi tracknya dim,netral,0.0
ketua dprd jakarta kali dipanggil kpk korupsi formula e akanterbongkar,netral,0.0
ketua dprd dki jakarta edy prasetyo ri panggil anies baswedan terkait surat kuasa pinjaman rp 180 milyar,netral,0.0
perencanaan yg gagal gubernur dki jakarta merugikan negara,negatif,-0.5
konsep lesehan sirkuit dunia akherat formula e jakarta,netral,0.0
sir pasrah bong gak serulah sdh ngakui jis sirkuit formula e indah rapinya,positif,0.22499999999999998
jack,netral,0.0
sesuai calender formula e jakarta tgl 4 juniapa iy kelar,netral,0.0
recehan ya standar formula e motogp ya beda sirkuit formula e paris aja sirkuit formula e jakarta,netral,0.0
recehan boss yg tanyain yg jakarta loh kau,netral,0.0
plt jubir komisi pemberantasan korupsi kpk ali fikri menutup memanggil gubernur dki jakart,negatif,-0.05
komisi pemberantasan korupsi kpk membuka peluang memanggil keterangan gubernur dki jakarta,netral,0.0
direktur cypr menilai pemanggilan ketua dprd jakarta kpk membongkar dugaan korupsi formula e,negatif,-0.1
baca komenmengenal formula e diselenggarakan jakarta,netral,0.0
formula e jakarta unik lagisirkuitnya dibangun pinggiran kotasalah keunikan formula e dib,positif,0.375
mending indo fokus motogp mandalika formula e aja gosah ambisius ngadain f1 mandalika be,positif,0.25
alasan bayar komitmen formula e langit jakarta,netral,0.0
berharap sirkuit formula e dipakai balapan kendaraan listrik gak lucu kampanye langit jaka,negatif,-0.125
idha,netral,0.0
komisi pemeriksaan korupsi kpk membuka memanggil gubernur dki jakarta anies baswedan dugaa,netral,0.0
design mobil formula e spt yg bikin penasaran berharap pengen nonton eprix jakarta semoga beneran,positif,0.05
semoga event formula e jakarta beneran terwujud brangkat nonton suka dg design mobil formula,netral,0.0
idha trus kl dah jd pembalap jakarta indonesia yg tampil formula epercuma anggaran milyaran,netral,0.0
tudingan prasetyo ketua dprd dki pinjaman rp 180 m bank dki utk formula epenjelasan anies penganggaran,netral,0.0
formula e kpk buka peluang memanggil memeriksa gubernur dki jakarta anies,netral,0.0
formula e kpk buka peluang memanggil memeriksa gubernur dki jakarta anies baswedan,netral,0.0
berharap formula e jakarta yg menyanyikan lagu indonesia raya,netral,0.0
ri indonesia ariya,netral,0.0
ketua dprd dki jakarta prasetyo edi mengungkap dugaan praktik ijon anggaran yg dikeluarkan,negatif,-0.1
digelar aja udh berbau piye,netral,0.0
ketua dprd dki jakarta praktik ijon uang formula e penyelidikan diserahkan kpk,netral,0.0
indo id,netral,0.0
persiapan penyelenggaraan balapan mobil listrik formula e ancol jakarta utara dikebut ditengah,netral,0.0
ya kartukartu tdk imingiming halu ngebohon,netral,0.0
dugaan korupsi proyek formula e kunjung terungkap warganet butuh pawang anggaran ketua dprd dki jakarta p,netral,0.0
mbaksri anggota dprd dki jakarta ramai 2 lapor tdk terlibat formula e,netral,0.0
dki jakarta ri ciumenduskooperatifcurigakelebihan bayarsetelah hilang s,negatif,-0.2
kalo org dukung mandalika motogp nolak formula e jakarta biased k,netral,0.0
tujuan anies mengundang 7 fraksi formula e biar paham ya sekelas wakil rakyat ndak,netral,0.0
idha sirkuit formula e kuda lumping modern tradisional andai sirkuit formula,positif,0.1
pinjaman rp 180 m bank dki penjelasan aniespenganggaran formula e diperiksa bp,netral,0.0
prasetyo edi marsudi mengaku ditekan terkait uang rp 180 miliar dikeluarkan pemerintah provinsi pemprov,netral,0.0
ketua dprd jakarta keterangan penyidik praktik commitment fee penyelenggaraan formula e,netral,0.0
ketua badan kehormatan bk dprd dki jakarta ahmad nawawi memegang hasil sidang dugaan p,netral,0.0
getol menentang formula e ketua dprd jakarta berhadapan kpk danbk,netral,0.0
mc idha beli tiketnya sukseskan formula e,netral,0.0
ri dikasih dana triliunan rupiah tahunnya beraninya pejabat didaerah korupsi nilainya,netral,0.0
ekokuntadhi tdk bangga banget formula e gelar jktmasalah nya pemprov dki jkt melakulan praktek,negatif,-0.4
dugaan korupsi formula e kpk panggil anies baswedan,negatif,-0.1
wakil gubernur dki jakarta ahmad riza patria mengklaim pengaspalan sirkuit formula e jakarta eprix 2022,netral,0.0
kpk memiliki peluang memanggil terkait menyelidiki dugaan korupsi pelaksanaan ajang balap formula,negatif,-0.05
dugaan korupsi formula e jakarta 2022 kpk panggil ketua dprd dki,negatif,-0.1
idha sirkuit formula e jakarta selesai dibangun jauh2 andai dihadang kir,netral,0.0
penolakan keras ketua dprd dki jakarta prasetyo edi marsudi pergelaran formula e jakarta membawanya ber,negatif,-0.2916666666666667
status penjualan tiket formula e jakarta berstatus not on sale pt jakarta propertindo jakp,netral,0.0
kpk mengusut dugaan korupsi formula e kemarin kpk memeriksa ketua dprd dki jakarta prasetyo edi,negatif,-0.1
alkhamdulillaah semoga terang benderang rakyat gigitan taringmu ri k,positif,0.7000000000000001
terkait dugaan korupsi formula e kpk periksa ketua dprd dki jakarta prasetyo edi marsudi,negatif,-0.1
5 calon pembalap jawara formula e series jakarta,netral,0.0
pemaniss mandalika sukses selenggarakan event motogp nya kritik membangunnya ancol in,positif,0.3
diperkisa kpk terkait dugaan korupsi formula e jakarta ketua dprd dki pinjaman rp 180miliar,negatif,-0.1
warga negara pimpinan dprd provinsi dki jakarta patuh keterangan,positif,0.4
indo id,netral,0.0
btw jis keren banget ya kelas,positif,0.35
proyek sirkuit formula e jakarta capai 80,netral,0.0
persiapannya mepet pribadi berharap penyelenggaraan formula e jakarta berjalan,netral,0.0
idha ah idha kau bikin bingung kemarin bilang formula e sukses digelar jakarta beda,negatif,-0.03333333333333335
idha jakarta sirkuit formula e lombok sirkuit moto gp dua2nya lolos standar fia kere,netral,0.0
commitment feeyg dibayarkan jakarta dibandingkan uang yg dibayarkan negara2 lainpenyelenggar,negatif,-0.125
hujan lebat plus angin jakarta barat kalo hujan kek gini pengerjaan lintasan formula e pake pawang hujan kagak ya,negatif,-0.2
kpk keterangan ketua dprd dki jakarta temukan pidana formula e,negatif,-0.4
ketua dprd dki jakarta prasetyo edi marsudi kpk memeriksa orang dianggap terlibat dugaan k,negatif,-0.1
kpk berpeluang memanggil terkait menyelidiki dugaan korupsi pelaksanaan ajang balap formula e salah sa,negatif,-0.3
ajang moto gp mandalika sukses gelar tunggu tunggu ajang formula e diadakan jakarta,positif,0.75
top news koran rakyat merdekamenyambangi proyek formula e treknya diaspal drainase dipasang kuda lu,positif,0.5
komisi pemberantasan korupsi kpk menyelidiki dugaan korupsi terkait pelaksanaan ajang balap internasional f,negatif,-0.03333333333333333
ketua dprd dki jakarta diperiksa kpk terkait formula e kabar petang tvone,netral,0.0
sirkuit kelas f1 jeddah 8 kompleksitas level f1,netral,0.0
badan kehormatan bk dprd dki jakarta mengumumkan hasil pemeriksaan ketua dprd dki prasetyo edi marsudi terka,netral,0.0
kpk keterangan ketua dprd dki jakarta temukan pidana formula e,negatif,-0.4
haaa tau ntar formula e jakarta,netral,0.0
bang kayaknya pawang ujan mandalika dibawa jakarta deh biar ga banjir formula e hehehe,netral,0.0
jakarta sukses menyelenggarakan formula e yg bangga nih orang jakarta sj,positif,0.775
formula e diurusi polusi jakarta gk diurusicuma numpang tren doang 2024,netral,0.0
ri seribu kali kasih data amp ksh keterangan ri ra,positif,0.5
ri tdk dlm apbdp dki jakarta 2019 sdh dianggarkan pembayaran co,netral,0.0
aduhh coba cari tau deh masterplan pengembangan mandalika tolong ja,netral,0.0
jelang formula e series jakarta 5 pebalap calon jawara series jakarta,netral,0.0
jelang formula e series jakarta 5 pebalap calon jawara series jakarta,netral,0.0
ketua dprd dki jakartaprasetio edi marsudiberjanji terang dugaan korupsi formula e jakarta pad,negatif,-0.1
kpk transparan pengusutan dana formula e jakarta,netral,0.0
hubungannya ki bedul si pawang hujan kedatangan anies anies studi bandi,netral,0.0
dibaca nih beritanya yahformula e pake pawang hujan jugakalo bahasanya wagub dki tergantu,netral,0.0
stop bicara mandalika dukung formula e jakarta dukung gub sukseskan jis formula e,netral,0.0
didu woe upinjangan sebar hoax kau bangke,netral,0.0
ngk mangkrak peruntukannya formula e ajang ba,netral,0.0
panggil anies ketua dprd dki kpk transparan akuntabel usut formula eformulae,netral,0.0
ketua dprd dki beberkan ijon rp 180 miliar pemprov bank dki formula eformulae jakarta aniesbaswedan,netral,0.0
dprd dki jakarta menetapkan mengesahkan perubahan apbd 2019saya menduku,netral,0.0
dki jakarta tuan rumah ajang balap internasional formula e 4 juni 2022 pemerintah provinsi pemp,netral,0.0
sirkuit formula e jakarta utara dilaporkan mencapai 80 pengerjaan perkembangan dikebut jelang persia,netral,0.0
ketua dprd dki jakarta prasetyo edi diperiksa kpk dugaan korupsi proyek formula e ancol,negatif,-0.1
asmara1701 silalahi waahhklu kalah pamor anies,netral,0.0
ketua dprd dki jakarta prasetyo edi marsudi diperiksa kpk terkait dugaan korupsi formula e prasetyo,negatif,-0.1
ketua dprd dki jakarta diperiksa kpk terkait formula eada pawang apbd dkiformulae,netral,0.0
ekokuntadhi eh botak bkn nya tereakin migor lg mahal tereakin motogp formula emigor nih mahal lu taekin,negatif,-0.5
sih seneng nya nyontek,positif,0.8
salah ide formula e murni dr anies jd pusat tdk terlibat dar,positif,0.057142857142857134
ketua dprd dki jakarta prasetio edi marsudi diperiksa kpk terkait formula e mengaku anggaran rp,netral,0.0
prasetyo edi menjalani pemeriksaan gedung merah putih kpk jakarta selasa 223 keterangan seb,netral,0.0
prasetio edi berjanji patuh keterangan apapun kpk,netral,0.0
lintasan sirkuit formula e eprix jakarta diaspal lapisan 1formula e ancol jakarta utar,netral,0.0
selamat suksesnya penyelenggaraan motogp mandalika indonesia emang keren presiden keren,positif,0.3333333333333333
wakil gubernur dki jakarta ahmad riza patria tanggapan terkait pemeriksaan ketua dprd dki jakar,netral,0.0
ketua dprd dki jakarta prasetyo edi marsudi mengaku dinas pendidikan olahraga dispora dk,netral,0.0
ri poco poco menari maumere kpk periksa ketua dprd dki jakarta prasetyo m terkait dugaan balap mobi,negatif,-0.1
kali ketua dprd dki jakarta prasetyo edi marsudi diperiksa kpk dugaan korupsi formula,negatif,-0.1
refa see you at jakarta formula e,netral,0.0
prasetio disidang bk diduga pelanggaran etik terkait hak interpelasi gubernur dki jakarta ani,positif,0.2
formula e gak disangkutkan warga jakarta yg meninhal sungai pas berak,netral,0.0
wakil gubernur dki jakarta ahmad riza patria menanggapi kehadiran ketua dprd dki prasetyo edi marsudi gedung kom,netral,0.0
anak kelahiran jakarta jakarta terdaftar penduduk jakarta mohon doa restu ac,positif,0.1
poco poco ri kpk periksa ketua dprd dki jakarta prasetyo marsudi terkait dugaan korupsi penyelengga,negatif,-0.1
ketakutan formula e pake pawang anggaran karna kebongkar aib mengeruk apbd jakarta mbk,netral,0.0
prasetyo edi marsudi selasa 22 maret 2022 gedung komisi pemberantasan korupsi kpk,netral,0.0
ketua dprd dki kali dipanggil kpk formula e wagub,netral,0.0
ketua dprd dki prasetyo edi marsudi memenuhi undangan kpk terkait dugaan korupsi proses penyelenggaraan bal,negatif,-0.1
persija udah juara hati gw maen jakarta ntar gw ajak liat jis mantau sirkuit fo,netral,0.0
kayaknya cuman bolak ngecek periksa dll sih ngulur ngulur,netral,0.0
kalo formula e dgn perencanaan abal2 terselenggara nih beritanya ketua dprdnya pes,netral,0.0
formula e jakarta tinggal 74 status penjualan tiket not on sale,netral,0.0
majulah negeriku motogp formula e stadion jis jakarta tuan rumah piala duniaini tanda tanda indonesia,netral,0.0
ketua dprd dki prasetyo edi diperiksa kpk formula e,netral,0.0
pemeriksaan korupsi formula e berlanjut ketua dprd dki jakarta prasetyo edi marsudi penuhi panggilan kpk,netral,0.0
barakallahu fiik anies selamat keluarga menyambut suci ramadhan semoga allah,positif,0.8
wagub dki isyaratkan memakai pawang hujan formula ejakarta,netral,0.0
ketua dprd dki penuhi panggilan kpk penyelidikan dugaan korupsi formula e,negatif,-0.1
wagub dki jakarta klaim pembangunan sirkuit formula e capai 80 persen,netral,0.0
warga negara pimpinan dprd provinsi dki jakarta patuh keterangan,positif,0.4
formula e proyek ambisius yg dipaksakan tdk manfaat bg warga jakarta knp janji kamp,negatif,-0.025000000000000022
dki fokus lanjutan pembangunan sirkuit penanaman rumput,positif,0.4
komisi pemberantasan korupsi kpk memanggil ketua dprd dki jakarta prasetyo edi marsudi keterangan,netral,0.0
achmadi insyaallah jakarta utara g hujan klo pas formula e krn jakarta utara jaran,netral,0.0
kpk tegaskan mainmain usut dugaan korupsi formula e jakartakpkupdates,netral,0.0
prasetyo edi marsudi dipanggil kpk beberkan dugaan korupsi formula e,negatif,-0.1
proses pembangunan sirkuit formula e jakarta,netral,0.0
jakarta international eprix circuit jiec sirkuit ancol mencapai 80 persen penyelesaian sirkuit a,netral,0.0
semoga keterangan membantu penyidik terang permasalahan formula e jakarta,positif,0.7000000000000001
pks jakarta penyelenggara formula e ancol pakai jasa pawang hujanpawanghujan pawanghujanmandalika,netral,0.0
tidakharam besok nonton formula e aja ya bikin caption lho jakarta,netral,0.0
pemprov dki isyaratkan pakai pawang hujan ajang formula e jakarta,netral,0.0
formula e salah acara internasional digelar jakarta jadwalnya,negatif,-0.5
fans formula e penyelenggaraan formula e jakarta sukses alasannya,positif,0.75
wagub dki ahmad riza patria berharap kesuksesan gelaran balap motor motogp mandalika diikuti kesuksesa,positif,0.3
pemprov dki isyaratkan pakai pawang hujan ajang formula e jakarta,netral,0.0
top news koran rakyat merdekamotogp sukses digelar oposisi koalisi formula eformulae,positif,0.625
setuju nih formula e diapresiasi sesuai levelnya,positif,0.2
pawang hujan formula e jakarta kayaknya sby tuh takut kehujan,negatif,-0.6
ahmad riza patria bicara pembangunan sirkuit formula e ancol jakarta utara frasa si,netral,0.0
kemarin dilarang menghujat kepentingan indonesia formula e yg adain negara jakarta yaa,netral,0.0
pas penyelenggaraan formula e jakarta zona merah cenderung hitam,negatif,-0.08333333333333333
jakarta adakan formula e tujuannya kampanye kndaraan listrik utk kurangi polusi udara jg k,netral,0.0
ternyatakebanyakan dr yg nyinyir even motogp mandalika berbau politissebagian besarnya m,netral,0.0
balapan formula e jakarta dinilai pakai pawang hujan alasannya,netral,0.0
blm perhalatan e formula kota jakarta jg kebanggaan indonesia l,netral,0.0
ketua fraksi dprd dki jakarta achmad yanipenyelenggaraformula e jasa pawang hujan pe,netral,0.0
fokus pelaksanaan formula e digelar tidakjangan bakti gub,netral,0.0
zeebo bicara nasionalisme kelompok mengejek rencana perhelatan formula e,netral,0.0
c1ab air masuk tanah mengalir laut godongraksasajadi kalo ba,netral,0.0
tunggu formula e pake pawang gk nih warga jakarta utk ngedumel kemacetan krn jakarta maceto,netral,0.0
wakil gubernur wagub dki jakarta ahmad riza patria menyatakanpembangunansirkuit formula e jakarta mencapa,netral,0.0
balapan formula e jakarta pakai pawang hujan,netral,0.0
legislator dki jakarta pelaksanaan formula e sukses dibanding motogp estiarimiputri,positif,0.75
formula e hrsnya selesai tdk jegal ttp jegal res beres sesuai dgn de,negatif,-0.1
kasihan nih org babu nya anies sdh akherat duluan pdhl formula e jakarta blm dikenal dunia,negatif,-0.25
zeebo setuju warga lokal jecipratan rezeki mari dukung pergelatan formula e jakarta,netral,0.0
kebenaran menemukan jalanyasetujupengurus gerejabelum berpikiran jemaatmisa,netral,0.0
kalo mandalika aja rame formula e rame kali hajatan akbar jakarta ya asian games 2018,netral,0.0
gue sih berharap dukun rara yg it worked indonesiangp go to formula e,netral,0.0
balapan formula e jakarta dinilai pakai pawang hujan alasannya,netral,0.0
zeebo emang formula e digelar klo ya indonesia jakarta u,netral,0.0
zeebo ga tau klw formula e jakarta kasusnya dngn yg mandalika klw i,netral,0.0
asmara1701 formula e jd harapan jakarta woyyy banjir gmn dp nol manaaa ok oce manaaaa formu,positif,0.5
pembangunan sirkuit formula e jakarta melibatkan 400 pekerja konstruksi seputar cibubur,netral,0.0
ekokuntadhi orang kontet mah bebas akhirat silahkan duluan gue mah kudu lihat formula e digelar jakarta,positif,0.325
zeebo basi narasi pecah belah nnti formula e jakarta tau gw lu komen,negatif,-0.5
balapan formula e jakarta dinilai pakai pawang hujan alasannya,netral,0.0
formula e jakarta pakai pawang rawa,netral,0.0
doakan sja formula e berjalan dgn formula e berhasil bangga anggap sebag,positif,0.8
viral pawang hujan motogp mandalika formula e jakarta wagub riza pawanghujan,netral,0.0
udah engga sabar formula e membawa keberkahan jakarta indonesia jakarta maj,netral,0.0
pembangunan sirkuit formula e capai 80 persen,netral,0.0
narsis tp maaf formula e menerima dukun pawang hujan jakarta mengandalkan il,negatif,-0.5
wagub dki isyaratkan pakai pawang hujan formula e jakarta,netral,0.0
pawang hujan motogp mandalika tunggu pawang anggaran formula e jakarta,netral,0.0
crab ekokuntadhi kabarnya formula e jakarta dibongkar acara kaget dengernya,negatif,-0.7
wagub dki pembangunan sirkuit formula e jakarta capai 80inilahcom inilahdotcom,netral,0.0
c u at jakarta formula e,netral,0.0
motogp mandalika membutuhkan pawang hujanformula e jakarta membutuhkan pawang buzzer,netral,0.0
lintasan balap formula e dipertahankan acaranya ancol,netral,0.0
ahhh monyong bknya migor yg lu taekin dukun lgmotogp klo engga formula e,netral,0.0
menyontoh sukses motogp mandalika genpi dki serukan warga jakarta sukseskan formulae,positif,0.3
jakarta tenggelam formula e gak sukses,negatif,-0.15
motogp mandalika pawang hujan psi formula e jakarta pawang anggaran utk usir tuyulkalo,netral,0.0
wow pembalap formula 1 pindah formula e sadis formula e the great racing on the world in ja,positif,0.45
tauternyata formula e dilaksanakan jakarta akherat yg nonton silahkan akhirat,netral,0.0
4 terkait penggunaan jasa pawang hujan wakil gubernur dki jakarta ahmad disesuaikan balap,netral,0.0
2 wagub jkt lu baca aje beritanya,netral,0.0
penyelenggaraan event jakarta formula e citra membawa indonesia tuan ruma,netral,0.0
berbeda pandangan politiktetapi wni bangga pagelaran motogp mandalika kemarin be,positif,0.26666666666666666
ketua fraksi pks dprd dki jakarta achmad yani penyelenggaraan formula e jakarta jasa pawan,netral,0.0
kalo tuh event formula e juni emang juni lnagit jakarta ujanyg bener aja drun,positif,0.2
bingung jakarta sirkuit sentul sirkuit f,negatif,-0.4
formula e parah yg blum event nya digelar mendingan dana nya bua,positif,0.5
progres pengaspalan tahap pembangunan lintasan formula e kawasan ancol pademangan jakarta utara,netral,0.0
formula e kolaborasi penyelenggara motogp mandalika,netral,0.0
wagub dki riza patria berharap formula e jakarta berjalan sukses motogp mandalika tempometro,positif,0.75
keren banget kalo formula e jakarta kira2 seri yahberharap 1 seri,positif,0.35
suka2 pemprov jakarta aja deh gak jauh2 akhirat tunggu aja gimana gelaran formula e,negatif,-0.05
wagub dki progres pembangunan sirkuit formula e capai 80 persen,netral,0.0
pt jakarta propertindo jakpro optimistis sirkuit formula e ancol rampung maret lambat,netral,0.0
next formula e on jakarta,netral,0.0
wow pembalap formula 1 pindah formula e sadis formula e the great racing on,positif,0.45
c1ab asc,netral,0.0
c1ab asc,netral,0.0
wagub dki pengaspalan sirkuit formula e selesai tinggal penanaman rumput jalur,positif,0.13636363636363635
wakil gubernur dki jakarta ahmad jasa pawang hujan ajang balapan formula e,netral,0.0
kalo formula e dgn perencanaan abal2 kerugian negaranya kasian warga jakarta kalo,netral,0.0
asmara1701 jakarta perjuangan,netral,0.0
c1ab asc,netral,0.0
c1ab asc,netral,0.0
pembangunan sirkuit formula e kawasan ancol jakarta utara selesai pengaspalan tahap pertamapenana,netral,0.0
wajar yg malu gak lazim balapan moto gpklo km sudutkan org yg malu kebara,negatif,-0.29999999999999993
progres pembangunan sirkuit formula e jakarta diungkap ahmad riza patria,netral,0.0
juru bicara dewan pimpinan pusat dpp partai solidaritas indonesia psi sigit widodo persam,netral,0.0
pemilihan formula e jakarta disesuaikan musim hujan,netral,0.0
nich biar ente pembalap terkenal formula e the great racing on the world in jakarta soo,positif,0.65
pembangunan sirkuit formula e kawasan ancol jakarta utara selesai proses pengaspalan tahap,netral,0.0
disesuaikan musimnya musim hujan mengelola ba,netral,0.0
hdyat28 formula e 45 triliun uang rakyat jakarta sumur resapan mubazir 450 milyar,netral,0.0
jakarta pakai pawang hujan mbak rara formula e kumparannews,netral,0.0
formula e jakarta digelar juni pawang hujan,netral,0.0
bun tweter ramai petugas kebersihan mandalika komplen penonton yg ninggalin sampa,positif,0.1
elite psi menanggapi menyinggung ajang formula e digelar jakarta juni 2022 juru bicar,netral,0.0
bang sampah efen formula e tolong konsentrasiin panitia cari solusi,negatif,-0.2
wakil gubernur dki jakarta ahmad penggunaan jasa pawang hujan,netral,0.0
getar trimakasih saudara ku evaluasi nya sya yaqin krn kecintaan pda konsep budaya bagus indonesi,positif,0.6
ketua fraksi pdi perjuangan dprd dki jakarta gembong warsono menilai penyelenggaraan formula e memakai pa,netral,0.0
akau bangga ke2nya mandalika target pasarnya pariwisata dgn keindahan a,positif,0.8
orang2 ribut bgt bandingin gp mandalika formula e jakarta jokowinya setuju formula e an,netral,0.0
kabar formula e jakarta 2022,netral,0.0
ekokuntadhi kira2 nnti jokowi kaget ngak ya formula e jakarta,negatif,-0.7
tpbolon sekda syaifullah berangkat menghadap illahi mengabarkan penduduk akhiirat f,netral,0.0
gk komentar ttg formula e netizenlha cobabiarkan catatan sejarah pemp,netral,0.0
lupakan kontroversi mba rara dgn tetabuhan panci emas beliau berharap momen sukses internasional,positif,0.19999999999999998
ketua komite pelaksana formula e jakarta ahmad sahroni pembangunan sirkuit formula e kawasan ancol,netral,0.0
nama anies terseret psi motogp pawang hujan formula e jakarta butuh,netral,0.0
ketua fraksi pks dprd dki jakarta achmad yani mengaku penyelenggaraan formula e jakarta menggu,netral,0.0
pembangunan sirkuit formula e jakarta pengaspalan tahap rampung,netral,0.0
juru bicara dpp partai solidaritas indonesia psi sigit widodo mengungkap persamaan perhelatan motogp ma,netral,0.0
pawang anggaranmenusuk hati menikam menohokmak jleeb,netral,0.0
la iya dok petani aja kekeringan hujan doanya sholatnya,netral,0.0
anies baswedan beredar mandalika menonton motogp bikin buzzerp kejangkejangmudah,netral,0.0
event formula e sengaja dibikin gagal anis dunia tau nya event negara ja,negatif,-0.3166666666666667
tergantung lingkup liputan gebyarnya kalo lingkupnya seputar warga dki jakarta nggak,negatif,-0.4000000000000001
balapan formula e jakarta ramal menggemparkan dunia akhiratpincukmarai duguyu ae,negatif,-0.7
man kalo ngik,netral,0.0
nya formula e bermasalah yah jakarta klo de ngebantu yg kena jebakan batman,netral,0.0
krn formula e sukses indonesia bangga jakarta sekelompok orang,positif,0.8
era sby sirkuit sentul kali dipakai dlm ajang balap mobil a1 musim balap 20056 20067berikutnya,netral,0.0
event motogp pertamina grand prix of indonesia 2022 pertamina mandalika street sircuit suksesselanjutnya eve,positif,0.26666666666666666
surya26 formula e terkenaltp org jakarta lbh kenal inget janji pemodalan oke oce,positif,0.5
official ya mahasewa beraksi korupsi dp 0 rupiah amp formula e rakyat miskin jakarta bertambah amp ba,negatif,-0.15000000000000002
ekokuntadhi surya dilema formula e wan got pakai pawang hujan gak berhasil pawangnya,negatif,-0.2
mandalika menyambut balapan formula e jakarta harapan,netral,0.0
kpk tegaskan main main usut dugaan korupsi formula e jakartakpkproject,negatif,-0.1
disewakan apartemen st moritz puri indah jakarta barat tower presidential 3 bedrooms fully furnished,netral,0.0
sewa apartemen sudirman park jakarta pusat murah tipe studio1br2br full furnished langsung pemilik perantar,positif,0.2833333333333333
live event formula e jakartagak pake hujan gak pake pawang,positif,0.13636363636363635
e formula jakarta penontonnya nih depa,netral,0.0
kira2 sirkuit formula e tar tengah2nya dilubangi gede2 ga sumur resapan kayak dijalanan kampung jakarta,netral,0.0
psi motogp pawang hujan formula e jakarta butuh pawang tuyul,netral,0.0
tidakharam lihat jis diresmikan event formula e mas,netral,0.0
formula e jakarta pawang anggaran tuyul formula e misterius,netral,0.0
psi motogp pawang hujan formula e jakarta butuh pawang tuyul,netral,0.0
fix ya formula e gak 2024 jakarta,netral,0.0
sakit hati 2 taon gagal mulu pengen nonton formula e jakarta,negatif,-0.5
pengalaman event formula e jgn sampe kayak panitianya nantin,netral,0.0
smoga formula e jakarta sukses,positif,0.75
jakarta vs everybody premium tumbler one day service089505657923 garansi 100jakartahits,netral,0.0
diperbaiki pengaturan lintas bus cadangan mandalika semoga jakarta selenggarakan formula,netral,0.0
mantappp bawa formula 1 maen jakarta abis formula e,netral,0.0
menghitung molornya pembangunan sirkuit formula e jakartakontrak tgl 28 maret 2022,netral,0.0
juru bicara dpp psi sigit widodo warga jakarta pawang anggaran mengusir tuyultuyul yan,netral,0.0
bsd masuk wilayah jakartabener kapolda nnti trek,netral,0.0
halu apakabar artikelmu kmaren formula e jakarta gimana update beritanya kerja yg bener jurnalisnya,positif,0.2
formula e dinyinyirin krn membangkitkan ekonomi jakarta,netral,0.0
psi menyindir motogp pawang hujan formula e jakarta butuh pawang anggaran usir tuyul,netral,0.0
idha formula e selesai digelar jakarta,netral,0.0
asmara1701 super kreen lupa event formula e jakarta gaungkan tagar,positif,0.3333333333333333
kalo tdk diklaim dasar asumsi kalo dibangun jakarta an,netral,0.0
pagii senin jakarta bogor puncak via tol jagorawi terbaru maret 2022 gegara nonton elclasico barcelona,positif,0.5
sehat sllu anies semoga sllu lindungi allah swtkita sllu dukung kegiatan nya semoga sukses,positif,0.4
perencanaan formula e tuyultuyul mengganggu uang rakyatwarga jakarta pawang anggaran un,netral,0.0
motogp sirkuit mandalika formula e jakarta samasama pawangkalau motogp pawang hujan,netral,0.0
formula e aroma markup nya kenceng maskalau jokowi bantu kesenangan gubernur jakarta yan,netral,0.0
perhelatan motogp mandalika terbilang sukses meriah marc marquez balapan cu,positif,0.525
abis motogp mandalika formula e jakarta yuk dukung samasama bawa nama indonesia tinggal dicek aj,netral,0.0
kabar terbaru pembangunan sirkuit formula e kawasan ancol jakarta utara catat tanggalnya ya sirkuitformulae,positif,0.5
formula e keren deh gubernurnya penonton tumpah ruah jaka,positif,0.35
mantab anies tunggu sejarah gelaran formula e jakarta pendukung malu sete,negatif,-0.35
motogp sukses saksikan formula e berdoa minimal jakarta menya,positif,0.75
gak sih bro formula e maen jakarta pertanyaanya yg nonton gak,netral,0.0
ah gak maluyang malu jakarta gubernurnya maksa gelar formula edalam 2 ta,negatif,-0.30000000000000004
motogp mandalika pawang hujan psi formula e jakarta pawang anggaran usir tuyul,netral,0.0
heran untungnya membanding2kan f1 mandalika formula e jakartadua2nya berpotensi ekonomi branding nama negara,positif,0.20000000000000004
debatdebat tolol berlanjut sampe formula e jakarta capek bgt liatnya,negatif,-0.6000000000000001
doakn smangati bg smoga trsmogakanformula e jakartaformula 1 d bintan kabarnya,netral,0.0
smoga tahun2 brikutnya indonesia bisasmakin byk event internasional indo,netral,0.0
man yg usik buadaya org mslh pawang hujan kepercayaan o,netral,0.0
pemerintah mendorong formula e fe motogp samasama nguntungin indonesia,netral,0.0
